-- phpMyAdmin SQL Dump
-- version 4.9.2
-- https://www.phpmyadmin.net/
--
-- Host: 127.0.0.1
-- Generation Time: Feb 03, 2020 at 10:48 AM
-- Server version: 10.4.11-MariaDB
-- PHP Version: 7.4.1

SET SQL_MODE = "NO_AUTO_VALUE_ON_ZERO";
SET AUTOCOMMIT = 0;
START TRANSACTION;
SET time_zone = "+00:00";


/*!40101 SET @OLD_CHARACTER_SET_CLIENT=@@CHARACTER_SET_CLIENT */;
/*!40101 SET @OLD_CHARACTER_SET_RESULTS=@@CHARACTER_SET_RESULTS */;
/*!40101 SET @OLD_COLLATION_CONNECTION=@@COLLATION_CONNECTION */;
/*!40101 SET NAMES utf8mb4 */;

--
-- Database: `admin_panel`
--

-- --------------------------------------------------------

--
-- Table structure for table `failed_jobs`
--

CREATE TABLE `failed_jobs` (
  `id` bigint(20) UNSIGNED NOT NULL,
  `connection` text COLLATE utf8mb4_unicode_ci NOT NULL,
  `queue` text COLLATE utf8mb4_unicode_ci NOT NULL,
  `payload` longtext COLLATE utf8mb4_unicode_ci NOT NULL,
  `exception` longtext COLLATE utf8mb4_unicode_ci NOT NULL,
  `failed_at` timestamp NOT NULL DEFAULT current_timestamp()
) ENGINE=InnoDB DEFAULT CHARSET=utf8mb4 COLLATE=utf8mb4_unicode_ci;

-- --------------------------------------------------------

--
-- Table structure for table `migrations`
--

CREATE TABLE `migrations` (
  `id` int(10) UNSIGNED NOT NULL,
  `migration` varchar(255) COLLATE utf8mb4_unicode_ci NOT NULL,
  `batch` int(11) NOT NULL
) ENGINE=InnoDB DEFAULT CHARSET=utf8mb4 COLLATE=utf8mb4_unicode_ci;

--
-- Dumping data for table `migrations`
--

INSERT INTO `migrations` (`id`, `migration`, `batch`) VALUES
(1, '2014_10_12_000000_create_users_table', 1),
(2, '2014_10_12_100000_create_password_resets_table', 1),
(3, '2019_08_19_000000_create_failed_jobs_table', 1),
(4, '2020_01_29_080839_create_questions_table', 1),
(5, '2020_01_29_091548_create_question_responses_table', 1);

-- --------------------------------------------------------

--
-- Table structure for table `password_resets`
--

CREATE TABLE `password_resets` (
  `email` varchar(255) COLLATE utf8mb4_unicode_ci NOT NULL,
  `token` varchar(255) COLLATE utf8mb4_unicode_ci NOT NULL,
  `created_at` timestamp NULL DEFAULT NULL
) ENGINE=InnoDB DEFAULT CHARSET=utf8mb4 COLLATE=utf8mb4_unicode_ci;

-- --------------------------------------------------------

--
-- Table structure for table `questions`
--

CREATE TABLE `questions` (
  `id` bigint(20) UNSIGNED NOT NULL,
  `title` longtext COLLATE utf8mb4_unicode_ci NOT NULL,
  `set_no` int(10) UNSIGNED NOT NULL,
  `answer_text` longtext COLLATE utf8mb4_unicode_ci DEFAULT NULL,
  `correct_answer` longtext COLLATE utf8mb4_unicode_ci NOT NULL,
  `year` int(10) UNSIGNED NOT NULL DEFAULT 2020,
  `is_answer_visible` tinyint(1) NOT NULL DEFAULT 0,
  `created_by` int(10) UNSIGNED DEFAULT NULL,
  `updated_by` int(10) UNSIGNED DEFAULT NULL,
  `created_at` timestamp NULL DEFAULT NULL,
  `updated_at` timestamp NULL DEFAULT NULL
) ENGINE=InnoDB DEFAULT CHARSET=utf8mb4 COLLATE=utf8mb4_unicode_ci;

--
-- Dumping data for table `questions`
--

INSERT INTO `questions` (`id`, `title`, `set_no`, `answer_text`, `correct_answer`, `year`, `is_answer_visible`, `created_by`, `updated_by`, `created_at`, `updated_at`) VALUES
(1, 'কারও পৌষ মাস, কারও ______।', 1, '', 'সর্বনাশ', 2020, 0, 1, 1, '2020-02-01 07:35:39', '2020-02-01 07:35:39'),
(2, 'কয়লা ধুইলে _____ যায় না।', 1, '', 'ময়লা', 2020, 0, 1, 1, '2020-02-01 07:35:39', '2020-02-01 07:35:39'),
(3, 'মেঘের কোলে রোদ হেসেছে, _____ গেছে টুটি।', 1, '', 'বাদল', 2020, 0, 1, 1, '2020-02-01 07:35:39', '2020-02-01 07:35:39'),
(4, '‘হাট্টি মাটিম টিম’ এর পরের লাইন: _______________ ', 1, '', 'তারা মাঠে পাড়ে ডিম', 2020, 0, 1, 1, '2020-02-01 07:35:39', '2020-02-01 07:35:39'),
(5, '‘আমাদের দেশে হবে সেই ছেলে কবে’ এর পরের লাইন কী?', 1, '', 'কথায় না বড় হয়ে কাজে বড় হবে', 2020, 0, 1, 1, '2020-02-01 07:35:39', '2020-02-01 07:35:39'),
(6, 'সঠিক বানান কোনটি? ক. মুমূর্ষ   খ. মুমূর্ষু   গ. মূমুর্ষ', 1, '', 'মুমূর্ষু', 2020, 0, 1, 1, '2020-02-01 07:35:39', '2020-02-01 07:35:39'),
(7, '‘শয্যা’ শব্দের অর্থ কী?', 1, '', 'বিছানা', 2020, 0, 1, 1, '2020-02-01 07:35:39', '2020-02-01 07:35:39'),
(8, 'বাংলা অক্ষরে লেখো: ami banglay gaan gai', 1, '', 'আমি বাংলায় গান গাই', 2020, 0, 1, 1, '2020-02-01 07:35:39', '2020-02-01 07:35:39'),
(9, 'সঠিক বাংলায় লেখো: আই ছেলেরা আই মেয়েরা ফুল তুলিতে যায়', 1, '', 'আয় ছেলেরা আয় মেয়েরা ফুল তুলিতে যাই', 2020, 0, 1, 1, '2020-02-01 07:35:39', '2020-02-01 07:35:39'),
(10, 'কোনটি সঠিক? ক. সব ফুল   খ. সব ফুলগুলো   গ. সব ফুলসমূহ', 1, '', 'সব ফুল', 2020, 0, 1, 1, '2020-02-01 07:35:39', '2020-02-01 07:35:39'),
(11, 'অতি লোভে _____ নষ্ট।', 2, '', 'তাঁতি', 2020, 0, 1, 1, '2020-02-01 07:35:39', '2020-02-01 07:35:39'),
(12, 'ঢেঁকি ____ গেলেও ধান ভানে।', 2, '', 'স্বর্গে', 2020, 0, 1, 1, '2020-02-01 07:35:39', '2020-02-01 07:35:39'),
(13, '‘ধন ধান্য পুষ্প ভরা’ এর পরের লাইন কী? ______________', 2, '', 'আমাদের এই বসুন্ধরা', 2020, 0, 1, 1, '2020-02-01 07:35:39', '2020-02-01 07:35:39'),
(14, '‘একটা যদি পাই’ এর পরের লাইন: _______________ ', 2, '', 'অমনি ধরে গাপুস গুপুস খাই', 2020, 0, 1, 1, '2020-02-01 07:35:39', '2020-02-01 07:35:39'),
(15, 'আমরা যদি না জাগি মা __________?', 2, '', 'কেমনে সকাল হবে', 2020, 0, 1, 1, '2020-02-01 07:35:39', '2020-02-01 07:35:39'),
(16, 'সঠিক বানান কোনটি? ক. মুহুর্ত   খ. মূহুর্ত  গ. মুহূর্ত', 2, '', 'মুহূর্ত', 2020, 0, 1, 1, '2020-02-01 07:35:39', '2020-02-01 07:35:39'),
(17, '‘প্রত্যুৎপন্নমতি’ শব্দের অর্থ কী? ক. উপস্থিত বুদ্ধিযুক্ত   খ. উৎপন্নকারী  গ. অহংকারী', 2, '', 'উপস্থিত বুদ্ধিযুক্ত', 2020, 0, 1, 1, '2020-02-01 07:35:39', '2020-02-01 07:35:39'),
(18, 'বাংলা অক্ষরে লেখো: amra tomader bhulbo na', 2, '', 'আমরা তোমাদের ভুলবো না', 2020, 0, 1, 1, '2020-02-01 07:35:39', '2020-02-01 07:35:39'),
(19, 'সঠিক বাংলায় লেখো: বিশ্বজোড়া পাঠশালা মোড় সবার আমি ছাএ', 2, '', 'বিশ্বজোড়া পাঠশালা মোর সবার আমি ছাত্র', 2020, 0, 1, 1, '2020-02-01 07:35:39', '2020-02-01 07:35:39'),
(20, 'কোনটি সঠিক? ক. খেলা চলাকালীন সময়ে  খ. খেলা চলাকালীন  গ. খেলা চলাকালীণ সময়ে', 2, '', 'খেলা চলাকালীন', 2020, 0, 1, 1, '2020-02-01 07:35:39', '2020-02-01 07:35:39'),
(21, 'নাচতে না জানলে _____।', 3, '', 'উঠান বাঁকা', 2020, 0, 1, 1, '2020-02-01 07:35:39', '2020-02-01 07:35:39'),
(22, 'চোর শোনে না _______।', 3, '', 'ধর্মের কাহিনী', 2020, 0, 1, 1, '2020-02-01 07:35:39', '2020-02-01 07:35:39'),
(23, '‘আ-মরি বাংলা ভাষা’ এর আগের লাইন কী? ______________', 3, '', 'মোদের গরব, মোদের আশা', 2020, 0, 1, 1, '2020-02-01 07:35:39', '2020-02-01 07:35:39'),
(24, '‘মারবো চাবুক চড়বো ঘোড়া’ এর আগের লাইন: _______________ ', 3, '', 'আম পাতা জোড়া জোড়া', 2020, 0, 1, 1, '2020-02-01 07:35:39', '2020-02-01 07:35:39'),
(25, 'বিশ্বজোড়া পাঠশালা মোর, __________?', 3, '', 'সবার আমি ছাত্র', 2020, 0, 1, 1, '2020-02-01 07:35:39', '2020-02-01 07:35:39'),
(26, 'সঠিক বানান কোনটি? ক. নিড়বচ্ছিন্ন   খ. নিরবচ্ছিন্ন  গ. নিরবিচ্ছিন্ন', 3, '', 'নিরবচ্ছিন্ন', 2020, 0, 1, 1, '2020-02-01 07:35:39', '2020-02-01 07:35:39'),
(27, '‘বারি’ শব্দের অর্থ কী? ক. ঘর   খ. পানি  গ. আকাশ', 3, '', 'পানি', 2020, 0, 1, 1, '2020-02-01 07:35:39', '2020-02-01 07:35:39'),
(28, 'বাংলা অক্ষরে লেখো: ekti Bangladesh tumi jagroto jonotar', 3, '', 'একটি বাংলাদেশ তুমি জাগ্রত জনতার', 2020, 0, 1, 1, '2020-02-01 07:35:39', '2020-02-01 07:35:39'),
(29, 'সঠিক বাংলায় লেখো: আই আই চাদ মামা টিপ দিয়ে যা', 3, '', 'আয় আয় চাঁদ মামা টিপ দিয়ে যা', 2020, 0, 1, 1, '2020-02-01 07:35:39', '2020-02-01 07:35:39'),
(30, 'কোনটি সঠিক? ক. সকল মানুষদের  খ. সকল মানুষেরা  গ. সকল মানুষ', 3, '', 'সকল মানুষ', 2020, 0, 1, 1, '2020-02-01 07:35:39', '2020-02-01 07:35:39'),
(31, 'ইট মারলে _____ খেতে হয়।', 4, '', 'পাটকেল', 2020, 0, 1, 1, '2020-02-01 07:35:39', '2020-02-01 07:35:39'),
(32, '_____ ঘায়ে নুনের ছিটা।', 4, '', 'কাটা', 2020, 0, 1, 1, '2020-02-01 07:35:39', '2020-02-01 07:35:39'),
(33, '‘মাঝে মাঝে তব দেখা পাই’ এর পরের লাইন কী? ______________', 4, '', 'চিরদিন কেন পাই না', 2020, 0, 1, 1, '2020-02-01 07:35:39', '2020-02-01 07:35:39'),
(34, '‘কাঠবিড়ালি! কাঠবিড়ালি!’ এর পরের লাইন: _______________', 4, '', 'পেয়ারা তুমি খাও?', 2020, 0, 1, 1, '2020-02-01 07:35:39', '2020-02-01 07:35:39'),
(35, '\"ফুলের গন্ধে ঘুম আসে না\"-এর পরের লাইন কী? _____ ', 4, '', 'একলা জেগে রই', 2020, 0, 1, 1, '2020-02-01 07:35:39', '2020-02-01 07:35:39'),
(36, 'সঠিক বানান কোনটি? ক. বুদ্ধিজিবি খ. বুদ্ধিজীবী গ. বুদ্ধিজিবী', 4, '', 'বুদ্ধিজীবী', 2020, 0, 1, 1, '2020-02-01 07:35:39', '2020-02-01 07:35:39'),
(37, '‘ললাট’ শব্দের অর্থ কী? ক. কপাল খ. নাক গ. আঙুল', 4, '', 'কপাল', 2020, 0, 1, 1, '2020-02-01 07:35:39', '2020-02-01 07:35:39'),
(38, 'বাংলা অক্ষরে লেখো: o amar desher mati tomar pore thekai matha', 4, '', 'ও আমার দেশের মাটি তোমার পরে ঠেকাই মাথা', 2020, 0, 1, 1, '2020-02-01 07:35:39', '2020-02-01 07:35:39'),
(39, 'সঠিক বাংলায় লেখো: উদ্যোগ নিচ্ছে উওর ঢাকার ছাএসমাজ', 4, '', 'উদ্যোগ নিচ্ছে উত্তর ঢাকার ছাত্রসমাজ ', 2020, 0, 1, 1, '2020-02-01 07:35:39', '2020-02-01 07:35:39'),
(40, 'কোনটি সঠিক? ক. অজস্র লোক   খ. অজস্র লোকজন   গ. অজস্র লোকবৃন্দ', 4, '', 'অজস্র লোক', 2020, 0, 1, 1, '2020-02-01 07:35:39', '2020-02-01 07:35:39'),
(41, 'আদার ব্যাপারি _____ খোঁজ।', 5, '', 'জাহাজের', 2020, 0, 1, 1, '2020-02-01 07:35:39', '2020-02-01 07:35:39'),
(42, 'খাল কেটে _____ আনা।', 5, '', 'কুমির', 2020, 0, 1, 1, '2020-02-01 07:35:39', '2020-02-01 07:35:39'),
(43, '‘আমি চিনি গো চিনি তোমারে’ এর পরের লাইন কী? ______________', 5, '', 'ওগো বিদেশিনী', 2020, 0, 1, 1, '2020-02-01 07:35:39', '2020-02-01 07:35:39'),
(44, '‘আয় বৃষ্টি ঝেঁপে’ এর পরের লাইন: _______________', 5, '', 'ধান দেবো মেপে', 2020, 0, 1, 1, '2020-02-01 07:35:39', '2020-02-01 07:35:39'),
(45, '\"আমাদের ছোট নদী চলে বাঁকে বাঁকে\"-এর পরের লাইন কী?', 5, '', 'বৈশাখ মাসে তার হাঁটু জল থাকে', 2020, 0, 1, 1, '2020-02-01 07:35:39', '2020-02-01 07:35:39'),
(46, 'সঠিক বানান কোনটি? ক. পিচাশ খ. পিশাচ গ. পিসাচ', 5, '', 'পিশাচ', 2020, 0, 1, 1, '2020-02-01 07:35:39', '2020-02-01 07:35:39'),
(47, '‘মীন’ শব্দের অর্থ কী? ক. ব্যাঙ খ. মাছ গ. পাখি', 5, '', 'মাছ', 2020, 0, 1, 1, '2020-02-01 07:35:39', '2020-02-01 07:35:39'),
(48, 'বাংলা অক্ষরে লেখো: moder gorob moder asha a-mori bangla vasha', 5, '', 'মোদের গরব মোদের আশা আ-মরি বাংলা ভাষা', 2020, 0, 1, 1, '2020-02-01 07:35:39', '2020-02-01 07:35:39'),
(49, 'সঠিক বাংলায় লেখো: আমি যা চায় তা ভুল করে চায়', 5, '', 'আমি যা চাই তা ভুল করে চাই', 2020, 0, 1, 1, '2020-02-01 07:35:39', '2020-02-01 07:35:39'),
(50, 'কোনটি সঠিক? ক. তুমিই কি রাজু?  খ. তুমিই কী রাজু?', 5, '', 'তুমিই কি রাজু?', 2020, 0, 1, 1, '2020-02-01 07:35:39', '2020-02-01 07:35:39'),
(51, 'অতি লোভে _____ নষ্ট।', 6, 'তাঁতি', '', 2020, 0, 1, 1, '2020-02-01 07:35:39', '2020-02-01 07:35:39'),
(52, 'ঝোপ বুঝে _____ মারা।', 6, '', 'কোপ', 2020, 0, 1, 1, '2020-02-01 07:35:39', '2020-02-01 07:35:39'),
(53, '‘তোমার পরে ঠেকাই মাথা’ এর আগের লাইন কী? ______________', 6, '', 'ও আমার দেশের মাটি', 2020, 0, 1, 1, '2020-02-01 07:35:39', '2020-02-01 07:35:39'),
(54, '‘রামগরুড়ের ছানা...’ এর পরের লাইন: _______________', 6, '', 'হাসতে তাদের মানা', 2020, 0, 1, 1, '2020-02-01 07:35:39', '2020-02-01 07:35:39'),
(55, '\"ভেঙে ফেল কর রে লোপাট\" -এর আগের লাইন কী?', 6, '', 'কারার ঐ লৌহ কপাট', 2020, 0, 1, 1, '2020-02-01 07:35:39', '2020-02-01 07:35:39'),
(56, 'সঠিক বানান কোনটি? ক. উর্ধ খ. ঊর্ধ্ব গ. ঊর্ধ', 6, '', 'ঊর্ধ্ব', 2020, 0, 1, 1, '2020-02-01 07:35:39', '2020-02-01 07:35:39'),
(57, '‘সমাচার’ শব্দের অর্থ কী? ক. খবর খ. আচার গ. টক', 6, '', 'খবর', 2020, 0, 1, 1, '2020-02-01 07:35:39', '2020-02-01 07:35:39'),
(58, 'বাংলা অক্ষরে লেখো: mora ekti fulke bachabo bole judhdho kori', 6, '', 'মোরা একটি ফুলকে বাঁচাবো বলে যুদ্ধ করি', 2020, 0, 1, 1, '2020-02-01 07:35:39', '2020-02-01 07:35:39'),
(59, 'সঠিক বাংলায় লেখো: আমি যা চায় তা পায় না', 6, '', 'আমি যা চাই তা পাই না', 2020, 0, 1, 1, '2020-02-01 07:35:39', '2020-02-01 07:35:39'),
(60, 'কোনটি সঠিক? ক. কী দিয়ে ভাত খেলে?  খ. কি দিয়ে ভাত খেলে?', 6, '', 'কী দিয়ে ভাত খেলে?', 2020, 0, 1, 1, '2020-02-01 07:35:39', '2020-02-01 07:35:39'),
(61, 'যত গর্জে _____ বর্ষে না।', 7, '', 'তত', 2020, 0, 1, 1, '2020-02-01 07:35:39', '2020-02-01 07:35:39'),
(62, '_____ এসে তরী ডোবা।', 7, 'তীরে', '', 2020, 0, 1, 1, '2020-02-01 07:35:39', '2020-02-01 07:35:39'),
(63, '‘ঊর্ধ্ব গগণে বাজে মাদল’ এর আগের লাইন কী? ______________', 7, '', 'চল চল চল', 2020, 0, 1, 1, '2020-02-01 07:35:39', '2020-02-01 07:35:39'),
(64, '‘ঐখানেতে বাস করে কানা বগীর ছা’ এর আগের লাইন: _______________', 7, '', 'ঐ দেখা যায় তালগাছ ঐ আমাদের গাঁ', 2020, 0, 1, 1, '2020-02-01 07:35:39', '2020-02-01 07:35:39'),
(65, '\"রবিঠাকুরের অজর কবিতা, অবিনাশী গান\" এর আগের লাইন কী?', 7, '', 'স্বাধীনতা তুমি', 2020, 0, 1, 1, '2020-02-01 07:35:39', '2020-02-01 07:35:39'),
(66, 'সঠিক বানান কোনটি? ক. স্বাস্থ খ. স্বাস্ত গ. স্বাস্থ্য', 7, '', 'স্বাস্থ্য', 2020, 0, 1, 1, '2020-02-01 07:35:39', '2020-02-01 07:35:39'),
(67, '‘প্রভাকর’ শব্দের অর্থ কী? ক. চাঁদ খ. জাদুকর গ. সূর্য', 7, '', 'সূর্য', 2020, 0, 1, 1, '2020-02-01 07:35:39', '2020-02-01 07:35:39'),
(68, 'বাংলা অক্ষরে লেখো: purbo digonte surjo utheche', 7, '', 'পূর্ব দিগন্তে সূর্য উঠেছে', 2020, 0, 1, 1, '2020-02-01 07:35:39', '2020-02-01 07:35:39'),
(69, 'সঠিক বাংলায় লেখো: আমাদের লক্ষ বাঁধা এড়িয়ে দেশের উন্নতি', 7, '', 'আমাদের লক্ষ্য বাধা এড়িয়ে দেশের উন্নতি', 2020, 0, 1, 1, '2020-02-01 07:35:39', '2020-02-01 07:35:39'),
(70, 'সঠিক কোনটি? ক. কি সুন্দর পাখি!  খ. কী সুন্দর পাখি!', 7, '', 'কী সুন্দর পাখি!', 2020, 0, 1, 1, '2020-02-01 07:35:39', '2020-02-01 07:35:39'),
(71, 'সবুরে _____ ফলে।', 8, '', 'মেওয়া', 2020, 0, 1, 1, '2020-02-01 07:35:39', '2020-02-01 07:35:39'),
(72, 'জলে কুমির ডাঙায় _____', 8, '', 'বাঘ', 2020, 0, 1, 1, '2020-02-01 07:35:39', '2020-02-01 07:35:39'),
(73, '‘পাগলা হাওয়ার বাদল-দিনে’ এর পরের লাইন কী? ______________', 8, '', 'পাগল আমার মন জেগে ওঠে', 2020, 0, 1, 1, '2020-02-01 07:35:39', '2020-02-01 07:35:39'),
(74, '‘সবার আগে কুসুম-বাগে উঠব আমি ডাকি!’ এর আগের লাইন: _______________', 8, '', 'আমি হব সকাল বেলার পাখি ', 2020, 0, 1, 1, '2020-02-01 07:35:39', '2020-02-01 07:35:39'),
(75, '\"জ্বলে পুড়ে মরে ছারখার, তবু মাথা নোয়াবার নয়\" এর আগের লাইন কী?', 8, '', 'সাবাস বাংলাদেশ এ পৃথিবী অবাক তাকিয়ে রয়', 2020, 0, 1, 1, '2020-02-01 07:35:39', '2020-02-01 07:35:39'),
(76, 'সঠিক বানান কোনটি? ক. প্রতিযোগী খ. প্রতিযোগি গ. প্রতিযগী', 8, '', 'প্রতিযোগী', 2020, 0, 1, 1, '2020-02-01 07:35:39', '2020-02-01 07:35:39'),
(77, '‘কমল’ শব্দের অর্থ কী? ক. পদ্ম   খ. নরম  গ. গোলাপ', 8, '', 'পদ্ম', 2020, 0, 1, 1, '2020-02-01 07:35:39', '2020-02-01 07:35:39'),
(78, 'বাংলা অক্ষরে লেখো: somy gele sadhon hobe na', 8, '', 'সময় গেলে সাধন হবে না', 2020, 0, 1, 1, '2020-02-01 07:35:39', '2020-02-01 07:35:39'),
(79, 'সঠিক বাংলায় লেখো: ১০০ টাকা মাএ', 8, '', '১০০ টাকা মাত্র', 2020, 0, 1, 1, '2020-02-01 07:35:39', '2020-02-01 07:35:39'),
(80, 'চলিত ভাষায় লেখো: তাহাকে হেথায় আসিতে দেখিলাম', 8, '', 'তাকে এখানে আসতে দেখলাম', 2020, 0, 1, 1, '2020-02-01 07:35:39', '2020-02-01 07:35:39'),
(81, 'নাচতে না জানলে _____।', 9, '', 'উঠান বাঁকা', 2020, 0, 1, 1, '2020-02-01 07:35:39', '2020-02-01 07:35:39'),
(82, '_____ উপর খাড়ার ঘা।', 9, '', 'মরার', 2020, 0, 1, 1, '2020-02-01 07:35:39', '2020-02-01 07:35:39'),
(83, '\"সখী ভালোবাসা কারে কয়\" এর পরের লাইন কী?', 9, '', 'সে কি কেবলই যাতনাময়', 2020, 0, 1, 1, '2020-02-01 07:35:39', '2020-02-01 07:35:39'),
(84, '\"ভোর হলো দোর খোল\" এর পরের লাইন: _______________', 9, '', 'খুকুমণি ওঠো রে', 2020, 0, 1, 1, '2020-02-01 07:35:39', '2020-02-01 07:35:39'),
(85, '\"লঙ্ঘিতে হবে রাত্রি নিশীথে যাত্রীরা হুঁশিয়ার\" এর আগের লাইন কী?', 9, '', 'দুর্গম গিরি কান্তার মরু', 2020, 0, 1, 1, '2020-02-01 07:35:39', '2020-02-01 07:35:39'),
(86, 'সঠিক বানান কোনটি? ক. লন্ডন খ. লণ্ডন গ. লন্ডণ', 9, '', 'লন্ডন', 2020, 0, 1, 1, '2020-02-01 07:35:39', '2020-02-01 07:35:39'),
(87, '‘গলদ’ শব্দের অর্থ কী? ক. ষাঁড় খ. ভুল গ. কাঁটা', 9, '', 'ভুল', 2020, 0, 1, 1, '2020-02-01 07:35:39', '2020-02-01 07:35:39'),
(88, 'বাংলা অক্ষরে লেখো: tomar bhoy nei ma amra protibad korte jani', 9, '', 'তোমার ভয় নেই মা আমরা প্রতিবাদ করতে জানি', 2020, 0, 1, 1, '2020-02-01 07:35:39', '2020-02-01 07:35:39'),
(89, 'সঠিক বাংলায় লেখো: ছাএরা স্কুলে যাই', 9, '', 'ছাত্ররা স্কুলে যায়', 2020, 0, 1, 1, '2020-02-01 07:35:39', '2020-02-01 07:35:39'),
(90, 'চলিত ভাষায় লেখো: বৃক্ষে বৃক্ষে পুষ্প ফুটিয়াছে।', 9, '', 'গাছে গাছে ফুল ফুটেছে', 2020, 0, 1, 1, '2020-02-01 07:35:39', '2020-02-01 07:35:39'),
(91, 'ঘুঘু দেখেছো, _____ দেখোনি।', 10, '', 'ফাঁদ', 2020, 0, 1, 1, '2020-02-01 07:35:39', '2020-02-01 07:35:39'),
(92, 'শাক দিয়ে _____ ঢাকা।', 10, '', 'মাছ', 2020, 0, 1, 1, '2020-02-01 07:35:39', '2020-02-01 07:35:39'),
(93, '\"খাঁচার ভিতর অচিন পাখি\" এর পরের লাইন কী?', 10, '', 'কেমনে আসে যায়', 2020, 0, 1, 1, '2020-02-01 07:35:39', '2020-02-01 07:35:39'),
(94, '\"আয় আয় চাঁদ মামা\" এর পরের লাইন: _______________', 10, '', 'টিপ দিয়ে যা', 2020, 0, 1, 1, '2020-02-01 07:35:39', '2020-02-01 07:35:39'),
(95, 'মনে করো যেন বিদেশ ঘুরে ______ নিয়ে যাচ্ছি অনেক দূরে', 10, '', 'মাকে', 2020, 0, 1, 1, '2020-02-01 07:35:39', '2020-02-01 07:35:39'),
(96, 'সঠিক বানান কোনটি? ক. পরিস্কার খ. পরীষ্কার গ. পরিষ্কার', 10, '', 'পরিষ্কার', 2020, 0, 1, 1, '2020-02-01 07:35:39', '2020-02-01 07:35:39'),
(97, '‘নৃপতি’ শব্দের অর্থ কী? ক. নাপিত খ. রাজা গ. প্রজা', 10, '', 'রাজা', 2020, 0, 1, 1, '2020-02-01 07:35:39', '2020-02-01 07:35:39'),
(98, 'বাংলা অক্ষরে লেখো: teerhara ei dhewer sagor pari dibo re', 10, '', 'তীরহারা এই ঢেউয়ের সাগর পাড়ি দেবো রে', 2020, 0, 1, 1, '2020-02-01 07:35:39', '2020-02-01 07:35:39'),
(99, 'সঠিক বাংলায় লেখো: সৎ পাএ মানেই ভালো পাএ', 10, '', 'সৎ পাত্র মানেই ভালো পাত্র', 2020, 0, 1, 1, '2020-02-01 07:35:39', '2020-02-01 07:35:39'),
(100, 'চলিত ভাষায় লেখো: পারিব না এ কথাটি বলিও না আর', 10, '', 'পারবো না এ কথাটি বোলো না আর', 2020, 0, 1, 1, '2020-02-01 07:35:39', '2020-02-01 07:35:39'),
(101, 'বাংলা অক্ষরে লেখো: tomar bhoy nei ma amra protibad korte jani', 60, '', '123', 2020, 0, 1, 1, '2020-02-01 07:35:39', '2020-02-01 07:35:39'),
(102, 'সঠিক বাংলায় লেখো: ছাএরা স্কুলে যাই', 60, '', '123', 2020, 0, 1, 1, '2020-02-01 07:35:39', '2020-02-01 07:35:39'),
(103, 'চলিত ভাষায় লেখো: বৃক্ষে বৃক্ষে পুষ্প ফুটিয়াছে।', 60, '', '123', 2020, 0, 1, 1, '2020-02-01 07:35:39', '2020-02-01 07:35:39'),
(104, 'ঘুঘু দেখেছো, _____ দেখোনি।', 60, '', '123', 2020, 0, 1, 1, '2020-02-01 07:35:39', '2020-02-01 07:35:39'),
(105, 'শাক দিয়ে _____ ঢাকা।', 60, '', '123', 2020, 0, 1, 1, '2020-02-01 07:35:39', '2020-02-01 07:35:39');

-- --------------------------------------------------------

--
-- Table structure for table `question_responses`
--

CREATE TABLE `question_responses` (
  `id` bigint(20) UNSIGNED NOT NULL,
  `user_id` int(10) UNSIGNED NOT NULL,
  `date` date NOT NULL,
  `time` int(10) UNSIGNED NOT NULL,
  `created_by` int(10) UNSIGNED DEFAULT NULL,
  `updated_by` int(10) UNSIGNED DEFAULT NULL,
  `total_play` int(10) UNSIGNED NOT NULL DEFAULT 0,
  `slug` varchar(20) COLLATE utf8mb4_unicode_ci NOT NULL,
  `created_at` timestamp NULL DEFAULT NULL,
  `updated_at` timestamp NULL DEFAULT NULL
) ENGINE=InnoDB DEFAULT CHARSET=utf8mb4 COLLATE=utf8mb4_unicode_ci;

--
-- Dumping data for table `question_responses`
--

INSERT INTO `question_responses` (`id`, `user_id`, `date`, `time`, `created_by`, `updated_by`, `total_play`, `slug`, `created_at`, `updated_at`) VALUES
(1, 2, '2020-02-01', 8420, 2, 2, 5, 'gdfg-5454-rer', '2020-02-01 07:37:27', '2020-02-01 07:53:43'),
(2, 3, '2020-02-01', 7918, 3, 3, 5, 'bcvbv-5456-re', '2020-02-01 07:44:36', '2020-02-01 07:58:26'),
(3, 4, '2020-02-01', 12202, 4, 4, 1, 'vv-bnv-r', '2020-02-01 07:55:25', '2020-02-01 07:55:25'),
(4, 3, '2020-02-02', 8801, 3, 3, 6, 'bvbc-fghgfgh-eres', '2020-02-01 18:30:43', '2020-02-02 13:05:14'),
(5, 2, '2020-02-02', 9201, 2, 2, 2, 'bvb-trdrd-vxgfd', '2020-02-01 18:40:09', '2020-02-01 19:56:51'),
(6, 5, '2020-02-02', 7700, 5, 5, 3, 'bvbv-tdgdgd-cffgd', '2020-02-01 20:34:44', '2020-02-01 20:36:54'),
(7, 9, '2020-02-02', 10701, 9, 9, 1, 'bvbvghf-ggdgf-bvcxv', '2020-02-02 09:29:00', '2020-02-02 09:29:00'),
(8, 6, '2020-02-02', 10201, 6, 6, 1, 'bvcvc-qwewewe-nmbmio', '2020-02-02 10:26:46', '2020-02-02 10:26:46'),
(9, 7, '2020-02-02', 13201, 7, 7, 1, 'bvgtr-bvcbdgdg-iuihj', '2020-02-02 10:27:12', '2020-02-02 10:27:12'),
(10, 8, '2020-02-02', 8700, 8, 8, 1, 'bnvnghf-trgtfgf-b', '2020-02-02 10:27:33', '2020-02-02 10:27:33'),
(11, 3, '2020-02-03', 11201, 3, 3, 2, 'wavdybklgv', '2020-02-03 03:27:33', '2020-02-03 08:57:11'),
(12, 2, '2020-02-03', 1200, 2, 2, 1, 'mhj0jbtejo', '2020-02-03 03:35:16', '2020-02-03 03:35:16'),
(13, 10, '2020-02-03', 12301, 10, 10, 3, 'stpgragasp', '2020-02-03 06:58:08', '2020-02-03 07:05:14'),
(14, 8, '2020-02-03', 9500, 8, 8, 6, 'a7eqtis5tt', '2020-02-03 07:29:52', '2020-02-03 08:48:28'),
(15, 12, '2020-02-03', 8001, 12, 12, 3, 'qzdbbr2glv', '2020-02-03 09:29:12', '2020-02-03 09:43:52');

-- --------------------------------------------------------

--
-- Table structure for table `users`
--

CREATE TABLE `users` (
  `id` bigint(20) UNSIGNED NOT NULL,
  `name` varchar(255) COLLATE utf8mb4_unicode_ci NOT NULL,
  `username` varchar(255) COLLATE utf8mb4_unicode_ci NOT NULL,
  `email` varchar(255) COLLATE utf8mb4_unicode_ci DEFAULT NULL,
  `phone_no` varchar(255) COLLATE utf8mb4_unicode_ci NOT NULL,
  `password` varchar(255) COLLATE utf8mb4_unicode_ci NOT NULL,
  `fb_address` varchar(255) COLLATE utf8mb4_unicode_ci DEFAULT NULL,
  `api_token` varchar(255) COLLATE utf8mb4_unicode_ci DEFAULT NULL,
  `verify_token` varchar(255) COLLATE utf8mb4_unicode_ci DEFAULT NULL,
  `email_verified_at` timestamp NULL DEFAULT NULL,
  `remember_token` varchar(255) COLLATE utf8mb4_unicode_ci DEFAULT NULL,
  `status` int(11) NOT NULL DEFAULT 0,
  `created_at` timestamp NULL DEFAULT NULL,
  `updated_at` timestamp NULL DEFAULT NULL
) ENGINE=InnoDB DEFAULT CHARSET=utf8mb4 COLLATE=utf8mb4_unicode_ci;

--
-- Dumping data for table `users`
--

INSERT INTO `users` (`id`, `name`, `username`, `email`, `phone_no`, `password`, `fb_address`, `api_token`, `verify_token`, `email_verified_at`, `remember_token`, `status`, `created_at`, `updated_at`) VALUES
(1, 'Admin', 'admin', 'admin@akij.net', '01711000000', '$2y$10$Zls8pKN2DXrdNz6Q4V2Xuu/3tenaPNUHnyEEC/DoZ8P8QvmJFlYLi', NULL, NULL, NULL, NULL, NULL, 0, '2020-02-01 07:35:39', '2020-02-01 07:35:39'),
(2, 'Md. Nazmus Shakib', 'shakib', 'shakib.corp@akij.net', '01747867585', '$2y$10$/4/8n051t/smvknQ9Fr3LuO.a0v8IwH/t/PBZEkqdvlv5MYm8lkeK', NULL, '$2y$10$ePZ1PkU7dyH1i.EEk7V.y.7Wpe5cghfhgfdfP7zBYaGkF1Jhr2bZHGoq', NULL, NULL, NULL, 0, '2020-02-01 07:35:39', '2020-02-01 07:35:39'),
(3, 'Labib', 'labib', 'labib@test.com', '01515636437', '$2y$10$ucX/8ecfrNaL.Zc2S7LgzeT09TS91tEmYf9HcU3.3eciJMl16MZfG', NULL, 'ujfhhgiyzqs0mpz90lrxzqhskrxlmafubsqb0fqghdsvlpdqd4n0fwvgnfiao20lzdpkjgbbvvlapivl', NULL, NULL, NULL, 0, '2020-02-01 07:44:11', '2020-02-01 07:44:11'),
(4, 'Sabib', 'sabib', 'sabib@testmail.com', '01716138117', '$2y$10$7/a3nEaNKqYjKRlOSQP1w.6u9gUMO65tTCKpOhjTTXE/KfvIR53aG', NULL, 'bzlcytyqopxctdmhqx5w1qyyexyhstbujwuzbhilh3nbsasqvvkrlebn0igugfrvdh75xyhwlvxt3653', NULL, NULL, NULL, 0, '2020-02-01 07:54:59', '2020-02-01 07:54:59'),
(5, 'Abdur Rashid', 'abdurrashid', 'rashid@mail.com', '01714474924', '$2y$10$3NrNJpGRorGWxgvHTgku1uUl/413mEgfV6K1jb7IW4dLSRw80V3su', NULL, 'bzssqtymsoiaj7uwhzbp8ccdyjh6vpupd7jgwxkhpq9ezh9dwj4pygn9n9i4vcnmmdsdzyf1bajmwm2i', NULL, NULL, NULL, 0, '2020-02-01 20:32:07', '2020-02-01 20:32:07'),
(6, 'Rafiul Anjum', 'rafiulanjum', 'rafiul@testmail.com', '01234567891', '$2y$10$YcLGMOiKGiOHeOVsCuCb.eO7vRSVuR.6awDtNQUuRjdYSv.soXwVm', NULL, 'lg0g1nx3oxmozu1yrxh5vtiyvgnkc1cm9yfk1399whqlwxofq1njjeqxah1o2ndoewnwdrvheubktdrt', NULL, NULL, NULL, 0, '2020-02-02 06:57:11', '2020-02-02 06:57:11'),
(7, 'Robin', 'robin', 'robin@testmail.com', '01234567892', '$2y$10$Gz6pohxBU9jfqJPWqg9.4euwC5Bm0dXsslTexlx2PAx0k.yWAPPxC', NULL, 'h2dan4mtl2yihulg7lgfyorxq8mbup1xkbw93be5mdama4yvw4viih4edv9rejwpciqvqekdhwrdttar', NULL, NULL, NULL, 0, '2020-02-02 08:06:20', '2020-02-02 08:06:20'),
(8, 'A M Rafat Rahman', 'amrafatrahman', 'rafat@testmail.com', '01234567893', '$2y$10$Rg39EeCas3cpBzseFr5P3uZKkd4Sj8pnnI3yeffUA0wDq7kUBBbfu', NULL, 'oxd69tjc9edquqz0hegoiszsakg6tsitbtc1vltet6xzca22o1a2avqehbqunezroba2hbtsgyj06a7z', NULL, NULL, NULL, 0, '2020-02-02 08:07:16', '2020-02-02 08:07:16'),
(9, 'Abir Ahmad', 'abirahmad', 'abir@testmail.com', '01234567894', '$2y$10$QCbXP5T9YbtZJ5LjRBhfJeZLDfGFWk3Psla7BxK9OMgpIaxkoto6G', NULL, '82hmvkeccexl80vlilejvjj2r3gqwddrt31xmunowcwuk3bot8hgw4kwwnl4luxdjnevos2hgdpbctdr', NULL, NULL, NULL, 0, '2020-02-02 08:12:40', '2020-02-02 08:12:40'),
(10, 'Maniruzzaman Akash', 'maniruzzamanakash', 'akash@mail.com', '01234567895', '$2y$10$ruwkRortkhC7P/m/Z4lwTuTEqIRTw10WkdzChBOyYkj5X6LrUklNy', NULL, 'qr8q7voxdvcnqv8ctpro90hk2gaxqffagrn8b97sgdpmqa6e8ipg1siyoqxaf9mfpqzmobrqukh5hgce', NULL, NULL, NULL, 0, '2020-02-02 08:13:06', '2020-02-02 08:13:06'),
(11, 'Farid Uddin', 'fariduddin', 'farid@mail.com', '01234567896', '$2y$10$IL/GXUQPfllVn.T3BRxAve08ZJinOedzmkDWusSZrBj5sLyt0SqPG', NULL, 'ca2pjyz4j4fvyqcz2hbog0i40evolqrzzfvgplgwlxmbbwgi9vgmcbyoriflmeioxqxk1gwaatimcdm3', NULL, NULL, NULL, 0, '2020-02-02 08:13:33', '2020-02-02 08:13:33'),
(12, 'Rashedul Islam Siraji', 'rashedulislamsiraji', 'siraji@testmail.com', '01234567897', '$2y$10$xVv4HKDzZvajlVBZTHKdoOldFv8PWN9Vbv87Qo6coxXZyAbdWO4hy', NULL, 'lixicbrrdhix4kwqthgbyqz9izvutkt2rgky0voxeisurdfo8zu5ff2ft2r7pvzbfqbl6zgjins8n15m', NULL, NULL, NULL, 0, '2020-02-02 08:14:12', '2020-02-02 08:14:12'),
(13, 'Abrar Sabib', 'abrarsabib', 'sabib@mail.com', '01234567898', '$2y$10$vxqzAT7LBoMBHo6HKCEWK.9xbcVlImbv/lpPpKLj/pmOBbDw1H3Mq', NULL, 'n5ukoyf1gvlq2vuciylq3jd0v0rronilhdhls42ozkfmgoizoddkctmkpnsc8aorcxo0f4uy1ijt8ggd', NULL, NULL, NULL, 0, '2020-02-02 08:15:50', '2020-02-02 08:15:50');

--
-- Indexes for dumped tables
--

--
-- Indexes for table `failed_jobs`
--
ALTER TABLE `failed_jobs`
  ADD PRIMARY KEY (`id`);

--
-- Indexes for table `migrations`
--
ALTER TABLE `migrations`
  ADD PRIMARY KEY (`id`);

--
-- Indexes for table `password_resets`
--
ALTER TABLE `password_resets`
  ADD KEY `password_resets_email_index` (`email`);

--
-- Indexes for table `questions`
--
ALTER TABLE `questions`
  ADD PRIMARY KEY (`id`);

--
-- Indexes for table `question_responses`
--
ALTER TABLE `question_responses`
  ADD PRIMARY KEY (`id`);

--
-- Indexes for table `users`
--
ALTER TABLE `users`
  ADD PRIMARY KEY (`id`),
  ADD UNIQUE KEY `users_username_unique` (`username`);

--
-- AUTO_INCREMENT for dumped tables
--

--
-- AUTO_INCREMENT for table `failed_jobs`
--
ALTER TABLE `failed_jobs`
  MODIFY `id` bigint(20) UNSIGNED NOT NULL AUTO_INCREMENT;

--
-- AUTO_INCREMENT for table `migrations`
--
ALTER TABLE `migrations`
  MODIFY `id` int(10) UNSIGNED NOT NULL AUTO_INCREMENT, AUTO_INCREMENT=6;

--
-- AUTO_INCREMENT for table `questions`
--
ALTER TABLE `questions`
  MODIFY `id` bigint(20) UNSIGNED NOT NULL AUTO_INCREMENT, AUTO_INCREMENT=106;

--
-- AUTO_INCREMENT for table `question_responses`
--
ALTER TABLE `question_responses`
  MODIFY `id` bigint(20) UNSIGNED NOT NULL AUTO_INCREMENT, AUTO_INCREMENT=16;

--
-- AUTO_INCREMENT for table `users`
--
ALTER TABLE `users`
  MODIFY `id` bigint(20) UNSIGNED NOT NULL AUTO_INCREMENT, AUTO_INCREMENT=14;
COMMIT;

/*!40101 SET CHARACTER_SET_CLIENT=@OLD_CHARACTER_SET_CLIENT */;
/*!40101 SET CHARACTER_SET_RESULTS=@OLD_CHARACTER_SET_RESULTS */;
/*!40101 SET COLLATION_CONNECTION=@OLD_COLLATION_CONNECTION */;
